Store,Region,Avg_Stockout_Risk,Max_Stockout_Risk,Avg_Reorder_Point,Total_Safety_Stock
1,Kerala,0.0,0.0,52468.555,12888.022
2,Kerala,0.0,0.0,42391.777,2172.4617
3,Kerala,0.0,0.0,45331.195,3305.5635
4,Kerala,0.0,0.0,81752.66,10763.947
5,Kerala,0.0,0.0,34332.062,4947.604
6,Kerala,0.018308752787849648,0.018308752787849648,59613.086,17182.79
7,Kerala,0.04430959668229254,0.04430959668229254,60173.434,8423.5625
8,Kerala,0.1931903195538059,0.1931903195538059,41919.145,3493.346
9,Kerala,0.2340456859739561,0.2340456859739561,45643.746,1836.1217
10,Kerala,0.3473342403511741,0.3473342403511741,41110.758,1791.426
11,Kerala,0.025915911154546122,0.025915911154546122,48571.176,5258.8467
12,Kerala,0.1874076075372308,0.1874076075372308,45930.42,3535.592
13,Kerala,0.14160838764440967,0.14160838764440967,41710.566,3369.869
14,Kerala,0.18685887026383133,0.18685887026383133,42694.164,2148.7588
15,Kerala,0.0,0.0,46436.395,2232.526
16,Kerala,0.2646206204046056,0.2646206204046056,50639.855,2803.2634
17,Kerala,0.15738507349128275,0.15738507349128275,41594.07,5798.3936
18,Kerala,0.20263216022892855,0.20263216022892855,47318.49,3990.029
19,Kerala,0.0,0.0,45111.004,2351.759
20,Kerala,0.0,0.0,56785.1,5934.828
21,Kerala,0.0,0.0,42312.234,2399.6396
22,Kerala,0.040671675516285755,0.040671675516285755,42779.28,2546.6604
23,Kerala,0.27809425700127915,0.27809425700127915,36645.152,2767.7097
24,Kerala,0.0,0.0,58038.844,3717.8206
25,Kerala,0.10108663073674161,0.10108663073674161,86585.36,8649.98
26,Kerala,0.0,0.0,47944.71,1366.2566
27,Kerala,0.4008171145335855,0.4008171145335855,61356.95,4178.4644
28,Kerala,0.3486719360401145,0.3486719360401145,41860.688,2470.0774
29,Kerala,0.10781470101177665,0.10781470101177665,49424.11,1208.2671
30,Kerala,0.0,0.0,30392.557,2810.9722
31,Kerala,0.0,0.0,42574.84,3254.621
32,Kerala,0.0,0.0,39478.785,2822.3733
33,Kerala,0.03392617980260107,0.03392617980260107,68582.79,8245.779
34,Kerala,0.10881497058121621,0.10881497058121621,53952.832,1032.3927
35,Kerala,0.0,0.0,55524.625,2554.1497
36,Kerala,0.0,0.0,46528.17,2946.001
37,Kerala,0.5947272313605967,0.5947272313605967,50823.58,5267.362
38,Kerala,0.0,0.0,58772.926,13942.308
39,Kerala,0.0,0.0,35400.582,5258.585
40,Kerala,0.0,0.0,34760.242,4097.0234
41,Kerala,0.007764598495975275,0.007764598495975275,43001.617,2533.7983
42,Kerala,0.09155947803230365,0.09155947803230365,64939.117,3115.4302
43,Kerala,0.0,0.0,48760.426,2722.747
44,Kerala,0.06143683092458379,0.06143683092458379,61638.867,16445.348
45,Kerala,0.0,0.0,39917.125,3719.7715
46,Kerala,0.0,0.0,42574.465,2475.7007
47,Kerala,0.15474469347587932,0.15474469347587932,50816.273,2687.262
48,Kerala,0.0924293517202779,0.0924293517202779,51970.953,15623.881
49,Kerala,0.22808752017097486,0.22808752017097486,50137.113,3518.3599
50,Kerala,0.0,0.0,32663.68,4212.315
51,Kerala,0.2551025031662377,0.2551025031662377,49959.84,3472.9
52,Kerala,0.0,0.0,44877.824,3383.5793
53,Kerala,0.0,0.0,37675.953,4533.847
54,Kerala,0.11832753144645228,0.11832753144645228,51196.71,3767.023
55,Kerala,0.0,0.0,60788.1,18683.264
56,Kerala,0.19940915880119234,0.19940915880119234,50696.85,3447.8296
57,Kerala,0.10519510776452594,0.10519510776452594,77269.84,11752.417
58,Kerala,0.0,0.0,45585.457,2823.1536
59,Kerala,0.3762416698220785,0.3762416698220785,42795.293,2238.5208
60,Kerala,0.011807347789266927,0.011807347789266927,52748.297,1636.0918
61,Kerala,0.0,0.0,42760.605,2488.6184
62,Kerala,0.0,0.0,46028.715,3579.5981
63,Kerala,0.0,0.0,45185.58,2431.4963
64,Kerala,0.0,0.0,77305.28,5488.694
65,Kerala,0.0,0.0,38434.266,4071.2942
66,Kerala,0.0,0.0,44801.484,2319.4968
67,Kerala,0.1632825488662908,0.1632825488662908,71454.89,13181.309
68,Kerala,0.24429903224257565,0.24429903224257565,63632.04,7483.261
69,Kerala,0.4829634533756949,0.4829634533756949,46571.33,3616.6257
70,Kerala,0.1751810000232684,0.1751810000232684,45472.53,2434.5835
71,Kerala,0.0,0.0,55008.73,4167.125
72,Kerala,0.2998951816683736,0.2998951816683736,38197.383,5824.85
73,Kerala,0.11990730107243182,0.11990730107243182,51798.61,12579.902
74,Kerala,0.0,0.0,65392.72,15291.277
75,Kerala,0.0,0.0,46669.207,4061.4436
76,Kerala,0.29672765267210494,0.29672765267210494,57196.4,4043.7468
77,Kerala,0.0,0.0,44548.24,2864.5425
78,Kerala,0.0,0.0,42364.99,1840.7167
79,Kerala,0.0,0.0,36751.207,2577.2097
80,Kerala,0.0,0.0,54129.91,2068.265
81,Kerala,0.0,0.0,45096.914,2123.287
82,Kerala,0.0,0.0,61922.023,5735.0864
83,Kerala,0.08872331484126825,0.08872331484126825,32560.768,3726.4082
84,Kerala,0.2766994111742792,0.2766994111742792,86695.375,4114.4727
85,Kerala,0.0,0.0,60436.945,9331.638
86,Kerala,0.0,0.0,42550.918,2168.129
87,Kerala,0.0,0.0,64549.445,15668.1875
88,Kerala,0.0,0.0,40565.223,4559.099
89,Kerala,0.0019061089860406568,0.0019061089860406568,44631.61,1993.4983
90,Kerala,0.30055679221722026,0.30055679221722026,75198.41,12022.776
91,Kerala,0.0,0.0,44633.957,1991.8629
92,Kerala,0.0,0.0,40798.355,2758.9314
93,Kerala,0.0015016210496716623,0.0015016210496716623,42954.83,2468.92
94,Kerala,0.0,0.0,46613.27,3058.526
95,Kerala,0.05813881942699741,0.05813881942699741,62145.688,9637.787
96,Kerala,0.5915632412474419,0.5915632412474419,43738.914,2356.6992
97,Kerala,0.0,0.0,46553.473,2244.816
98,Kerala,0.0,0.0,39409.195,3221.6946
99,Kerala,0.031359489790633924,0.031359489790633924,43057.547,2192.1323
100,Kerala,0.0,0.0,55701.145,3067.7292
101,Kerala,0.0,0.0,45075.33,2223.445
102,Kerala,0.0,0.0,44636.113,2613.8103
103,Kerala,0.0,0.0,43069.31,2552.6514
104,Kerala,0.0,0.0,86428.86,9289.844
105,Kerala,0.0,0.0,43960.77,1993.3512
106,Kerala,0.10472084769477438,0.10472084769477438,67998.6,7231.126
107,Kerala,0.0,0.0,52981.992,1772.0125
108,Kerala,0.36745719823800616,0.36745719823800616,62504.902,1556.0106
109,Kerala,0.0,0.0,43520.668,1668.9098
110,Kerala,0.44096872247002367,0.44096872247002367,36437.883,3641.6147
111,Kerala,0.0,0.0,45737.695,2768.9211
112,Kerala,0.0,0.0,61404.566,8883.676
113,Kerala,0.0,0.0,47481.17,4158.737
114,Kerala,0.0,0.0,45304.51,2278.2312
115,Kerala,0.11293590868723635,0.11293590868723635,46143.727,2575.5698
116,Kerala,0.0,0.0,69510.03,13593.64
117,Kerala,0.43178085104453223,0.43178085104453223,31743.293,3934.2861
118,Kerala,0.33803758797416317,0.33803758797416317,47265.29,1187.0936
119,Kerala,0.05380913768695315,0.05380913768695315,48295.68,1415.7117
120,Kerala,0.0,0.0,44921.836,2278.9114
121,Kerala,0.0,0.0,42135.645,2396.319
122,Kerala,0.0,0.0,48866.637,5875.163
123,Kerala,0.0,0.0,54857.27,6224.1797
124,Kerala,0.07622852921789579,0.07622852921789579,51618.293,12986.594
125,Kerala,0.0,0.0,92284.016,8654.895
126,Kerala,0.03312734206191885,0.03312734206191885,44058.188,1875.1263
127,Kerala,0.1880401092621605,0.1880401092621605,42565.44,2463.042
128,Kerala,0.0,0.0,47997.83,3131.8616
129,Kerala,0.6526248640656438,0.6526248640656438,45386.617,2340.7332
130,Kerala,0.0,0.0,42560.29,2138.6443
131,Kerala,0.0,0.0,62772.742,17771.05
132,Kerala,0.0,0.0,42808.66,2320.2415
133,Kerala,0.5337873109058887,0.5337873109058887,41492.316,3769.0554
134,Kerala,0.0,0.0,55487.355,13525.112
135,Kerala,0.0,0.0,46070.195,2518.1106
136,Kerala,0.0,0.0,41597.69,2614.5725
137,Kerala,0.0,0.0,46030.137,2250.141
138,Kerala,0.15159238579199297,0.15159238579199297,50832.926,7324.0903
139,Kerala,0.12386844074444252,0.12386844074444252,44720.55,2246.465
140,Kerala,0.2595473492711175,0.2595473492711175,43697.78,2487.5212
141,Kerala,0.0,0.0,41341.832,2734.8462
142,Kerala,0.0,0.0,56338.53,14040.455
143,Kerala,0.07512127228904224,0.07512127228904224,43170.723,2418.5117
144,Kerala,0.0,0.0,55221.023,4292.6665
145,Kerala,0.0,0.0,54321.426,3084.9482
146,Kerala,0.6766171600907032,0.6766171600907032,45979.523,2844.8123
147,Kerala,0.655399086289056,0.655399086289056,48862.094,1849.913
148,Kerala,0.2938060852325724,0.2938060852325724,50914.73,1189.257
149,Kerala,0.33908835387688296,0.33908835387688296,44829.297,2084.8206
150,Kerala,0.007255017201335517,0.007255017201335517,49833.234,6717.925
151,Kerala,0.10290672705539855,0.10290672705539855,47879.035,1935.5571
152,Kerala,0.0,0.0,53309.406,11933.0625
153,Kerala,0.41488025376259363,0.41488025376259363,43250.684,2789.756
154,Kerala,0.0,0.0,55882.34,3215.3623
155,Kerala,0.0,0.0,44689.426,2019.0692
156,Kerala,0.14577765785127875,0.14577765785127875,42508.8,3430.7922
157,Kerala,0.0,0.0,60208.76,1405.5266
158,Kerala,0.16812610889686355,0.16812610889686355,46227.22,2835.6152
159,Kerala,0.07856416363601364,0.07856416363601364,48704.492,1846.7528
160,Kerala,0.0,0.0,40368.28,3510.232
161,Kerala,0.3316813500949725,0.3316813500949725,50726.074,1241.482
162,Kerala,0.0,0.0,46262.14,2640.1616
163,Kerala,0.33896506377595914,0.33896506377595914,63688.97,8656.313
164,Kerala,0.3869110895737039,0.3869110895737039,43204.23,2343.4387
165,Kerala,0.049145535036138326,0.049145535036138326,42440.344,2522.5903
166,Kerala,0.6089179330934267,0.6089179330934267,43675.625,4085.2083
167,Kerala,0.03482023291852652,0.03482023291852652,76429.16,12490.298
168,Kerala,0.0,0.0,46390.773,2497.071
169,Kerala,0.0,0.0,42643.867,2264.0361
170,Kerala,0.0,0.0,42750.65,2322.3037
171,Kerala,0.0,0.0,51272.793,1261.3395
172,Kerala,0.0,0.0,52143.1,2591.3577
173,Kerala,0.0,0.0,78760.41,16217.082
174,Kerala,0.49864665846432515,0.49864665846432515,45793.914,2451.248
175,Kerala,0.0,0.0,41737.633,2156.0889
176,Kerala,0.20717717397680283,0.20717717397680283,37812.832,2703.1592
177,Kerala,0.10689237149153755,0.10689237149153755,41999.76,2254.3777
178,Kerala,0.11934205612171939,0.11934205612171939,77533.24,9485.114
179,Kerala,0.34033987756957007,0.34033987756957007,75272.8,17565.334
180,Kerala,0.02012196754321629,0.02012196754321629,48594.992,1845.0541
181,Kerala,0.45809324402460705,0.45809324402460705,45313.76,2605.8025
182,Kerala,0.0,0.0,42432.51,2327.5032
183,Kerala,0.07441750976288604,0.07441750976288604,48069.69,1788.4247
184,Kerala,0.0,0.0,43260.05,1536.1052
185,Kerala,0.0,0.0,66255.88,12851.794
186,Kerala,0.5782592765904209,0.5782592765904209,30974.105,2314.8135
187,Kerala,0.17139000494893433,0.17139000494893433,42630.797,3584.6548
188,Kerala,0.0,0.0,42485.496,2202.35
189,Kerala,0.5029431832605611,0.5029431832605611,48659.18,1884.7272
190,Kerala,0.0,0.0,44469.574,2010.0099
191,North-India,0.0,0.0,43416.31,2330.3801
192,North-India,0.0,0.0,48095.266,2676.6008
193,North-India,0.0,0.0,67118.41,20380.195
194,North-India,0.0,0.0,41336.86,3852.306
195,North-India,0.0,0.0,90787.74,13212.182
196,North-India,0.21951958041622183,0.21951958041622183,42879.598,2614.5515
197,North-India,0.07847590872363777,0.07847590872363777,48142.56,1896.3325
198,North-India,0.0,0.0,24823.66,4957.675
199,North-India,0.5670884385951596,0.5670884385951596,46521.64,2669.8223
200,North-India,0.06730576187963194,0.06730576187963194,71588.93,11223.91
201,North-India,0.0,0.0,40607.418,4295.446
202,North-India,0.11129405615136129,0.11129405615136129,47991.68,1917.6556
203,North-India,0.24831999027690185,0.24831999027690185,75470.14,17841.406
204,North-India,0.0,0.0,46283.59,2563.967
205,North-India,0.0,0.0,71785.99,18857.695
206,North-India,0.08746874611030082,0.08746874611030082,43788.887,2626.779
207,North-India,0.0,0.0,50018.93,1902.5497
208,North-India,0.0,0.0,58283.062,23478.367
209,North-India,0.0,0.0,45836.297,2677.199
210,North-India,0.0,0.0,42581.973,2142.392
211,North-India,0.13734305132685634,0.13734305132685634,103880.51,10189.585
212,North-India,0.0,0.0,36543.05,4053.5898
213,North-India,0.0,0.0,47236.055,2812.5364
214,North-India,0.0,0.0,46813.094,3060.58
215,North-India,0.0,0.0,45216.125,4537.7417
216,North-India,0.3525512204030288,0.3525512204030288,48754.938,2601.5369
217,North-India,0.04050494533615422,0.04050494533615422,36887.168,2671.3015
218,North-India,0.0,0.0,42547.04,2081.9683
219,North-India,0.0,0.0,51172.85,18135.486
220,North-India,0.010996446627080289,0.010996446627080289,69141.19,21593.09
221,North-India,0.0956754526456183,0.0956754526456183,46203.344,2452.4834
222,North-India,0.0824354781958836,0.0824354781958836,44516.375,1862.497
223,North-India,0.0,0.0,44889.242,2127.362
224,North-India,0.35538255760917214,0.35538255760917214,46205.566,2861.3542
225,North-India,0.0,0.0,42912.19,3010.0728
226,North-India,0.0,0.0,75678.18,17609.068
227,North-India,0.6220924691098736,0.6220924691098736,45053.426,1923.5182
228,North-India,0.0,0.0,46364.04,2874.183
229,North-India,0.49364771089367965,0.49364771089367965,50507.438,3084.609
230,North-India,0.009077497367666793,0.009077497367666793,49634.816,1780.8647
231,North-India,0.0,0.0,42733.348,2591.0112
232,North-India,0.3945300786198487,0.3945300786198487,32987.926,3776.2905
233,North-India,0.0,0.0,80827.31,8448.573
234,North-India,0.0,0.0,48880.42,2181.5762
235,North-India,0.0,0.0,45574.918,2288.0728
236,North-India,0.13145781762934547,0.13145781762934547,69904.58,21333.838
237,North-India,0.0,0.0,59414.727,15733.068
238,North-India,0.0,0.0,47837.844,3023.2249
239,North-India,0.09725311324084294,0.09725311324084294,67137.34,20373.748
240,North-India,0.07645673102432876,0.07645673102432876,62694.58,17708.889
241,North-India,0.0,0.0,75548.8,19411.2
242,North-India,0.0,0.0,45687.812,2225.1948
243,North-India,0.0,0.0,44559.48,2987.0383
244,North-India,0.13232213953873667,0.13232213953873667,42768.766,2219.4224
245,North-India,0.0,0.0,79014.414,9442.649
246,North-India,0.4084231830094555,0.4084231830094555,47937.594,1996.427
247,North-India,0.17094646204398925,0.17094646204398925,59785.77,4995.889
248,North-India,0.45288502738014424,0.45288502738014424,45888.5,3860.6738
249,North-India,0.09349687976473578,0.09349687976473578,40220.62,3386.8733
250,North-India,0.0,0.0,46309.133,2463.6343
251,North-India,0.0,0.0,139825.8,7185.6445
252,North-India,0.3237284761859152,0.3237284761859152,71840.266,3969.1284
253,North-India,0.0,0.0,36953.887,2987.7449
254,North-India,0.0,0.0,42062.008,2291.9854
255,North-India,0.0,0.0,46386.594,2506.236
256,North-India,0.0,0.0,62199.75,4400.402
257,North-India,0.0,0.0,67912.36,20419.945
258,North-India,0.20675138870210155,0.20675138870210155,42922.777,3042.6907
259,North-India,0.06432685831872861,0.06432685831872861,103678.6,9697.858
260,North-India,0.0,0.0,75786.69,17542.955
261,North-India,0.019708449382958224,0.019708449382958224,70515.45,7270.288
262,North-India,0.0,0.0,170593.19,21116.102
263,North-India,0.0,0.0,43372.457,2411.3125
264,North-India,0.20181421096654506,0.20181421096654506,107929.69,37874.48
265,North-India,0.04116347152773188,0.04116347152773188,45311.035,2024.282
266,North-India,0.07364840862899687,0.07364840862899687,42117.05,2155.1978
267,North-India,0.08977784135346016,0.08977784135346016,52661.65,2591.4712
268,North-India,0.0,0.0,47139.03,2105.1736
269,North-India,0.2090621739354261,0.2090621739354261,114811.06,35625.887
270,North-India,0.0,0.0,115388.78,32393.426
271,North-India,0.305410700190043,0.305410700190043,43702.79,2470.4485
272,North-India,0.0,0.0,43634.535,2809.2114
273,North-India,0.0,0.0,48212.72,1953.961
274,North-India,0.0,0.0,42365.33,2105.0774
275,North-India,0.0,0.0,51103.434,4176.715
276,North-India,0.21233175654669006,0.21233175654669006,44253.688,1771.4866
277,North-India,0.0,0.0,45698.9,2420.056
278,North-India,0.0,0.0,48326.664,1931.0641
279,North-India,0.0,0.0,45735.54,2280.6985
280,North-India,0.05201300724479988,0.05201300724479988,44158.023,2658.394
281,North-India,0.0,0.0,47972.996,1856.0321
282,North-India,0.0,0.0,101734.69,39896.277
283,North-India,0.0,0.0,45691.28,2290.0361
284,North-India,0.1825674554835657,0.1825674554835657,42605.87,2377.542
285,North-India,0.0,0.0,45329.895,1980.5599
286,North-India,0.038880281678203274,0.038880281678203274,98213.05,38267.855
287,North-India,0.0578431026351553,0.0578431026351553,46960.312,2396.6726
288,North-India,0.4728438326934259,0.4728438326934259,43089.94,2277.5974
289,North-India,0.43579422675835877,0.43579422675835877,47921.875,1883.8053
290,North-India,0.4637636817633902,0.4637636817633902,46985.24,1853.5409
291,North-India,0.0,0.0,110746.94,37000.023
292,North-India,0.0,0.0,107772.72,39924.46
293,North-India,0.347667103854103,0.347667103854103,107965.086,37885.047
294,North-India,0.0,0.0,38185.664,2969.7913
295,North-India,0.0,0.0,40809.742,1713.068
296,North-India,0.4983067022844079,0.4983067022844079,45723.723,2527.0815
297,North-India,0.1003807021105658,0.1003807021105658,45702.797,1947.7449
298,North-India,0.0,0.0,57636.74,4172.7744
299,North-India,0.4148036021188317,0.4148036021188317,48109.637,5179.1475
300,North-India,0.35185691613678244,0.35185691613678244,49789.082,2373.256
301,North-India,0.0,0.0,47192.53,2073.1018
302,North-India,0.24775641864857698,0.24775641864857698,38493.066,3512.8806
303,North-India,0.28719793170472907,0.28719793170472907,45801.895,3143.6829
304,North-India,0.5543583715265451,0.5543583715265451,46853.81,2022.322
305,North-India,0.0,0.0,45053.406,2205.7896
306,North-India,0.08647439762941071,0.08647439762941071,45577.793,2333.5845
307,North-India,0.2569398633557689,0.2569398633557689,27106.125,4789.1123
308,North-India,0.0,0.0,43948.89,2598.1785
309,North-India,0.544078212409128,0.544078212409128,45750.65,2537.7253
310,North-India,0.0,0.0,45857.46,2742.1877
311,North-India,0.0,0.0,108069.85,37847.688
312,North-India,0.33725929033222146,0.33725929033222146,42253.297,3280.787
313,North-India,0.43536959912237605,0.43536959912237605,46322.594,2392.3052
314,North-India,0.1745542183064504,0.1745542183064504,42638.75,2619.7136
315,North-India,0.0,0.0,39903.434,4405.3857
316,North-India,0.32983760922215577,0.32983760922215577,48826.42,2086.5557
317,North-India,0.0,0.0,44827.734,2122.0703
318,North-India,0.0,0.0,46958.332,6279.396
319,North-India,0.07168545092207551,0.07168545092207551,43928.78,2596.268
320,North-India,0.0,0.0,135670.73,28984.752
321,North-India,0.0,0.0,45829.332,2571.3135
322,North-India,0.0,0.0,42542.797,2942.1519
323,North-India,0.0,0.0,45968.312,2639.299
324,North-India,0.0,0.0,40948.508,5104.151
325,North-India,0.13963744880498538,0.13963744880498538,42626.35,2184.44
326,North-India,0.02609127965407569,0.02609127965407569,45667.645,2511.6577
327,North-India,0.19058540915985062,0.19058540915985062,110175.47,34170.496
328,North-India,0.5433858594657186,0.5433858594657186,35205.812,3357.6611
329,North-India,0.5654753569964925,0.5654753569964925,43428.984,2343.752
330,North-India,0.08091797967564979,0.08091797967564979,42242.29,2172.8887
331,North-India,0.0,0.0,43236.484,2245.1794
332,North-India,0.0,0.0,91181.45,40225.652
333,North-India,0.0,0.0,63342.414,1856.5322
334,North-India,0.20050265197329392,0.20050265197329392,44441.883,2239.1934
335,North-India,0.0,0.0,90081.555,6509.8843
336,North-India,0.0,0.0,115212.31,35438.633
337,North-India,0.38460354544570374,0.38460354544570374,45655.023,2505.108
338,North-India,0.15190772676955144,0.15190772676955144,44223.12,2203.1836
339,North-India,0.47638753174134274,0.47638753174134274,44671.8,2232.048
340,North-India,0.0,0.0,48478.176,2065.376
341,North-India,0.0,0.0,113670.83,35950.824
342,North-India,0.0,0.0,71302.33,3544.3574
343,North-India,0.09701226128632762,0.09701226128632762,45472.703,2503.0317
344,North-India,0.0,0.0,55151.832,2892.8188
345,North-India,0.0,0.0,38327.996,3510.5298
346,North-India,0.0,0.0,48482.32,2067.9941
347,North-India,0.0,0.0,45817.39,2546.226
348,North-India,0.46170607512171746,0.46170607512171746,56941.074,4371.1914
349,North-India,0.43416484262630517,0.43416484262630517,74129.93,12312.421
350,North-India,0.1101850125455522,0.1101850125455522,46074.984,2645.6877
351,North-India,0.0,0.0,46162.86,2541.2676
352,North-India,0.0,0.0,46217.047,2565.1904
353,North-India,0.0,0.0,43273.266,2207.871
354,North-India,0.0,0.0,74129.93,12312.421
355,North-India,0.0,0.0,51998.39,1694.684
356,North-India,0.39643113535943914,0.39643113535943914,45984.105,2630.277
357,North-India,0.2938507138513457,0.2938507138513457,48309.496,1433.8477
358,North-India,0.6166692947708946,0.6166692947708946,60208.574,1361.7432
359,North-India,0.22452646067136378,0.22452646067136378,47847.758,2212.9126
360,North-India,0.0,0.0,46757.188,2032.8906
361,North-India,0.0,0.0,46083.82,2519.592
362,North-India,0.0,0.0,58806.04,2819.5518
363,North-India,0.0,0.0,61670.72,4479.9746
364,North-India,0.0,0.0,37856.043,3957.55
365,North-India,0.0,0.0,45416.19,2435.6995
366,North-India,0.2372598793562784,0.2372598793562784,47977.83,1998.3032
367,North-India,0.0,0.0,46136.36,1839.6185
368,North-India,0.0,0.0,45948.35,2386.5295
369,North-India,0.0,0.0,48269.5,2085.686
370,North-India,0.0,0.0,46132.098,2666.3464
371,North-India,0.0,0.0,44755.81,2499.6418
372,North-India,0.1495684281208321,0.1495684281208321,46561.855,2724.4846
373,North-India,0.053149398047837415,0.053149398047837415,46062.04,2643.8389
374,North-India,0.0,0.0,92837.81,23539.959
375,North-India,0.0,0.0,57327.684,4592.2686
376,North-India,0.0,0.0,61670.72,4479.9746
377,North-India,0.0,0.0,55628.195,4335.8223
378,North-India,0.19293678113414492,0.19293678113414492,45942.71,2159.008
379,North-India,0.01740384560271239,0.01740384560271239,40427.21,3601.2512
380,North-India,0.0,0.0,84280.03,12521.973
381,North-India,0.09734109595488417,0.09734109595488417,48017.95,2993.5776
382,North-India,0.0,0.0,51604.043,8092.7344
383,North-India,0.5962960872715506,0.5962960872715506,58938.535,2870.4875
384,North-India,0.0,0.0,58269.527,4717.514
385,North-India,0.0,0.0,48556.707,2121.4817
386,North-India,0.0,0.0,45045.52,2523.0288
387,North-India,0.0376411667275552,0.0376411667275552,58883.832,3339.133
388,North-India,0.0,0.0,52077.156,1770.0299
389,North-India,0.20931412847376066,0.20931412847376066,53796.65,1426.4116
390,North-India,0.0,0.0,73705.81,11932.937
391,North-India,0.0,0.0,43353.33,2362.243
392,North-India,0.0,0.0,45648.46,2106.6987
393,North-India,0.4553855685443202,0.4553855685443202,48792.2,2007.3854
394,North-India,0.47264035286861605,0.47264035286861605,53191.645,1538.9396
395,North-India,0.0,0.0,35729.973,3382.6592
396,North-India,0.0,0.0,69720.19,12466.971
397,North-India,0.230472901729909,0.230472901729909,39794.883,3329.375
398,North-India,0.0,0.0,41066.316,3152.6658
399,North-India,0.0,0.0,46396.04,2616.548
400,North-India,0.0,0.0,56892.29,3359.8647
401,West-India,0.03899639010450746,0.03899639010450746,46031.043,2711.038
402,West-India,0.0,0.0,46252.605,2651.703
403,West-India,0.0,0.0,49038.098,1953.7981
404,West-India,0.14811681906737656,0.14811681906737656,42791.582,2221.925
405,West-India,0.0,0.0,42741.742,2220.9082
406,West-India,0.0,0.0,45969.727,2657.7864
407,West-India,0.4369125246396255,0.4369125246396255,46129.805,2579.1846
408,West-India,0.0,0.0,40482.344,3165.6384
409,West-India,0.4587098140998811,0.4587098140998811,43079.305,2241.5403
410,West-India,0.11804384254973696,0.11804384254973696,42153.39,2664.56
411,West-India,0.0,0.0,52982.812,1456.3488
412,West-India,0.0,0.0,56120.41,6202.2217
413,West-India,0.5927357824342543,0.5927357824342543,86000.92,19263.877
414,West-India,0.13061583809394434,0.13061583809394434,46278.805,2652.7073
415,West-India,0.06121742270336002,0.06121742270336002,50549.26,1717.687
416,West-India,0.11161478997759715,0.11161478997759715,59122.99,1095.8712
417,West-India,0.0805948091000515,0.0805948091000515,43203.11,2261.2192
418,West-India,0.444877992106276,0.444877992106276,42820.617,2139.6074
419,West-India,0.25746231580317813,0.25746231580317813,70429.164,12902.158
420,West-India,0.045625084434340636,0.045625084434340636,38660.25,3272.347
421,West-India,0.0,0.0,57970.582,6863.844
422,West-India,0.0,0.0,38591.582,3190.9805
423,West-India,0.0,0.0,73886.016,12263.867
424,West-India,0.0,0.0,42990.33,2322.0972
425,West-India,0.0,0.0,73741.99,12311.162
426,West-India,0.0,0.0,61047.13,4221.5303
427,West-India,0.2893377651361309,0.2893377651361309,50848.504,2407.169
428,West-India,0.0,0.0,45366.05,2494.4553
429,West-India,0.3047354197851393,0.3047354197851393,43325.184,4863.0005
430,West-India,0.0,0.0,55584.652,1429.9523
431,West-India,0.0,0.0,55003.504,1334.2205
432,West-India,0.0,0.0,87757.34,20325.86
433,West-India,0.0,0.0,46071.023,6880.3994
434,West-India,0.2807610256726667,0.2807610256726667,54306.85,5420.986
435,West-India,0.0,0.0,87504.79,20410.74
436,West-India,0.689586957438124,0.689586957438124,41080.258,2537.3865
437,West-India,0.5302848938399437,0.5302848938399437,45683.914,4069.6387
438,West-India,0.3005930101803804,0.3005930101803804,43011.836,2255.7878
439,West-India,0.17021687785008344,0.17021687785008344,73810.945,12288.519
440,West-India,0.025703187875584756,0.025703187875584756,43169.902,2689.4727
441,West-India,0.0,0.0,43657.195,2424.684
442,West-India,0.3363259101806912,0.3363259101806912,42453.836,2261.96
443,West-India,0.0,0.0,47537.527,2421.72
444,West-India,0.0,0.0,82981.15,9027.344
445,West-India,0.0,0.0,61047.13,4221.5303
446,West-India,0.011275402036048226,0.011275402036048226,42720.92,2295.8408
447,West-India,0.0,0.0,73810.945,12288.519
448,West-India,0.30353377663695846,0.30353377663695846,46439.883,2120.3728
449,West-India,0.0,0.0,74676.086,3885.8218
450,West-India,0.0,0.0,46764.496,2790.8438
451,West-India,0.0,0.0,44658.87,2093.8992
452,West-India,0.0,0.0,42820.652,2049.701
453,West-India,0.3389923196989346,0.3389923196989346,55869.805,7080.1045
454,West-India,0.16679237779111517,0.16679237779111517,42104.59,7560.5884
455,West-India,0.0,0.0,48974.35,2181.4248
456,West-India,0.3054801412309213,0.3054801412309213,61045.89,4221.08
457,West-India,0.2569441262871606,0.2569441262871606,42625.25,2395.8555
458,West-India,0.2711503902544084,0.2711503902544084,46033.594,1594.3186
459,West-India,0.0,0.0,60592.65,5103.15
460,West-India,0.0,0.0,28688.143,4519.607
461,West-India,0.0,0.0,42921.96,2038.3105
462,West-India,0.0,0.0,35615.67,5183.9175
463,West-India,0.0,0.0,49120.75,1700.7262
464,West-India,0.0,0.0,58174.473,2573.979
465,West-India,0.0,0.0,50014.95,2088.9973
466,West-India,0.0,0.0,46070.023,1670.7852
467,West-India,0.05999625706399123,0.05999625706399123,88857.875,10495.255
468,West-India,0.6069339126186857,0.6069339126186857,50691.344,2606.5994
469,West-India,0.645705098150341,0.645705098150341,86000.19,19263.93
470,West-India,0.5598417417400763,0.5598417417400763,61047.46,4221.697
471,West-India,0.0,0.0,46205.258,2557.5417
472,West-India,0.0,0.0,49655.305,1903.3252
473,West-India,0.12642230809303706,0.12642230809303706,61047.46,4221.697
474,West-India,0.0,0.0,48292.242,3271.0173
475,West-India,0.03123724899220371,0.03123724899220371,61045.89,4221.08
476,West-India,0.18789839903358724,0.18789839903358724,49641.16,1916.4261
477,West-India,0.0,0.0,43725.473,2406.02
478,West-India,0.3004050271274889,0.3004050271274889,46074.758,1839.6113
479,West-India,0.4670523154205219,0.4670523154205219,62047.324,5919.69
480,West-India,0.04107630014525058,0.04107630014525058,58215.77,2590.2175
481,West-India,0.0,0.0,45933.22,2439.4082
482,West-India,0.0,0.0,54327.6,2042.8458
483,West-India,0.4071876961654597,0.4071876961654597,43323.965,1974.3688
484,West-India,0.5345692489159559,0.5345692489159559,51716.812,2032.1932
485,West-India,0.0,0.0,45007.15,2199.4202
486,West-India,0.0,0.0,43449.383,1894.1675
487,West-India,0.0,0.0,49932.35,3655.1116
488,West-India,0.09796769702135213,0.09796769702135213,34550.492,3710.0195
489,West-India,0.14988718868868048,0.14988718868868048,47315.3,3737.374
490,West-India,0.1438283166153975,0.1438283166153975,46348.094,2439.9285
491,West-India,0.21359224595364795,0.21359224595364795,46209.71,2630.9392
492,West-India,0.0,0.0,47256.76,2007.3317
493,West-India,0.0,0.0,46659.402,2501.995
494,West-India,0.0,0.0,57194.55,2258.508
495,West-India,0.0,0.0,46107.86,2515.4539
496,West-India,0.062290353813785164,0.062290353813785164,49980.16,1305.2354
497,West-India,0.6046204250137558,0.6046204250137558,61651.098,4886.0034
498,West-India,0.5029046786858323,0.5029046786858323,45933.934,2519.3657
499,West-India,0.24942280685331453,0.24942280685331453,45323.758,2527.7468
500,West-India,0.48764144561433787,0.48764144561433787,46113.54,2691.4197
501,West-India,0.0,0.0,58885.836,5815.264
502,West-India,0.0,0.0,73159.29,2895.2996
503,West-India,0.08212178252893004,0.08212178252893004,46797.52,2664.9114
504,West-India,0.4723374021567719,0.4723374021567719,87504.79,20410.74
505,West-India,0.0,0.0,44357.164,2522.8984
506,West-India,0.1000761608210023,0.1000761608210023,45731.668,2007.0017
507,West-India,0.012484726343890688,0.012484726343890688,46117.887,2723.4375
508,West-India,0.2056911246876818,0.2056911246876818,45255.934,2521.411
509,West-India,0.03849810967302283,0.03849810967302283,46124.445,2570.2668
510,West-India,0.0,0.0,49849.043,2006.5188
511,West-India,0.0,0.0,43278.895,1608.2366
512,West-India,0.31400516594096467,0.31400516594096467,45103.805,2415.7842
513,West-India,0.10925591565862142,0.10925591565862142,58709.08,2599.5073
514,West-India,0.45346580457738533,0.45346580457738533,45222.68,2546.9636
515,West-India,0.008900928558321365,0.008900928558321365,46803.246,3044.1157
516,West-India,0.07005436624461356,0.07005436624461356,40546.01,3099.1255
517,West-India,0.023228418272622908,0.023228418272622908,41853.76,6181.9814
518,West-India,0.0882320504641687,0.0882320504641687,44915.785,2201.3557
519,West-India,0.14796083294224674,0.14796083294224674,44777.64,2203.6914
520,West-India,0.16225789450631434,0.16225789450631434,45729.586,2364.0576
521,West-India,0.0,0.0,42074.297,4674.641
522,West-India,0.0,0.0,46125.344,2495.5789
523,West-India,0.0,0.0,61365.184,4140.8115
524,West-India,0.0,0.0,58904.65,8233.568
525,West-India,0.06366186797084841,0.06366186797084841,74657.47,4778.3076
526,West-India,0.21765929913543136,0.21765929913543136,69079.234,3375.0132
527,West-India,0.0,0.0,50843.36,2314.6199
528,West-India,0.0,0.0,71689.3,4033.4023
529,West-India,0.6088649164341163,0.6088649164341163,50819.312,2100.468
530,West-India,0.0,0.0,38334.39,3685.5222
531,West-India,0.28647883098948923,0.28647883098948923,45186.758,1802.4012
532,West-India,0.0,0.0,91779.93,22733.016
533,West-India,0.0,0.0,50209.09,1881.8156
534,West-India,0.0,0.0,45279.242,2573.533
535,West-India,0.0,0.0,46314.613,1768.4562
536,West-India,0.4253976500050394,0.4253976500050394,46431.79,2714.9797
537,West-India,0.016015625141068596,0.016015625141068596,45090.59,2434.1616
538,West-India,0.5550029467796778,0.5550029467796778,87234.73,20499.797
539,West-India,0.12754393597688424,0.12754393597688424,51366.438,2633.9746
540,West-India,0.09976661991237326,0.09976661991237326,46028.84,2429.2654
541,West-India,0.0,0.0,84317.96,18500.268
542,West-India,0.2048369899833073,0.2048369899833073,46078.793,2506.3433
543,West-India,0.3020033896881246,0.3020033896881246,91209.78,22920.592
544,West-India,0.0,0.0,89148.52,4926.6865
545,West-India,0.0,0.0,46694.52,2725.9688
546,West-India,0.0,0.0,84318.95,18500.176
547,West-India,0.0,0.0,46061.285,2681.12
548,West-India,0.14750440294373932,0.14750440294373932,38921.805,2181.662
549,West-India,0.0,0.0,34412.21,3016.053
550,West-India,0.5329201921288876,0.5329201921288876,60756.203,4294.881
551,West-India,0.0,0.0,42953.07,1643.4064
552,West-India,0.0,0.0,44865.723,2390.777
553,West-India,0.0,0.0,45883.09,2576.6406
554,West-India,0.0,0.0,89178.914,21616.719
555,West-India,0.43259321186918154,0.43259321186918154,39226.934,3331.4663
556,West-India,0.0,0.0,91285.94,22894.832
557,West-India,0.016774804396686622,0.016774804396686622,60759.312,4295.907
558,West-India,0.6686617135338725,0.6686617135338725,27267.379,3814.0916
559,West-India,0.0,0.0,43017.184,2694.491
560,West-India,0.0,0.0,96956.72,8905.414
561,West-India,0.11085431916676308,0.11085431916676308,50802.92,1664.197
562,West-India,0.08827526699717356,0.08827526699717356,89196.33,21613.7
563,West-India,0.03434452143220092,0.03434452143220092,41592.086,2631.327
564,West-India,0.0,0.0,45834.37,2405.621
565,West-India,0.0,0.0,60773.082,4297.5737
566,West-India,0.4675932688139616,0.4675932688139616,43054.367,2686.6707
567,West-India,0.0,0.0,41399.996,2438.5183
568,West-India,0.5567531255669409,0.5567531255669409,44740.76,2357.692
569,West-India,0.14380576879613605,0.14380576879613605,62667.934,5662.8604
570,West-India,0.0,0.0,60773.082,4297.5737
571,West-India,0.0,0.0,60882.32,8401.994
572,West-India,0.0,0.0,45972.8,2645.2039
573,West-India,0.10353629532773011,0.10353629532773011,40150.95,2930.7883
574,West-India,0.0,0.0,49863.91,1943.3156
575,West-India,0.0,0.0,40926.633,2594.6726
576,West-India,0.0,0.0,60769.97,4296.55
577,West-India,0.0,0.0,43940.773,2126.595
578,West-India,0.2331203799531463,0.2331203799531463,50573.293,1924.6274
579,West-India,0.0,0.0,52748.754,5109.691
580,West-India,0.0,0.0,60773.082,4297.5737
581,West-India,0.0,0.0,48222.836,1753.0808
582,West-India,0.09119970299774517,0.09119970299774517,60768.45,4295.986
583,West-India,0.0,0.0,33209.863,3356.2065
584,West-India,0.38442329349432525,0.38442329349432525,40733.367,2713.9556
585,West-India,0.11753537290142685,0.11753537290142685,57886.598,2636.195
586,West-India,0.06555061097340673,0.06555061097340673,61688.074,4020.3313
587,West-India,0.0,0.0,51692.766,3112.1958
588,West-India,0.06243350301294168,0.06243350301294168,45304.06,3552.9036
589,West-India,0.15802391494454557,0.15802391494454557,39610.047,2373.2566
590,West-India,0.0,0.0,45911.246,2482.0103
591,West-India,0.10838137818811393,0.10838137818811393,44905.383,2169.7393
592,West-India,0.0,0.0,33066.895,3257.7693
593,West-India,0.0,0.0,65787.02,7801.0815
594,West-India,0.0,0.0,66359.336,8467.854
595,West-India,0.0,0.0,92437.34,22507.541
596,West-India,0.15177045582573162,0.15177045582573162,57644.83,2722.904
597,West-India,0.26098195937722024,0.26098195937722024,39292.625,2927.9128
598,West-India,0.6134646944341902,0.6134646944341902,41012.66,2507.2344
599,West-India,0.0,0.0,84064.55,18587.213
600,West-India,0.0,0.0,46224.1,2767.795
601,East-India,0.0,0.0,45619.465,2500.9583
602,East-India,0.0,0.0,45674.52,2526.9744
603,East-India,0.0,0.0,43153.957,2385.1733
604,East-India,0.05414237731331725,0.05414237731331725,49791.383,1887.938
605,East-India,0.0,0.0,46141.184,2722.996
606,East-India,0.3280248319039315,0.3280248319039315,41606.12,1902.1373
607,East-India,0.1536576297857242,0.1536576297857242,38832.27,2282.1663
608,East-India,0.0,0.0,62415.797,6533.905
609,East-India,0.10897621573819431,0.10897621573819431,35058.453,3567.85
610,East-India,0.18017623672418145,0.18017623672418145,83719.83,18702.041
611,East-India,0.0,0.0,45704.67,2521.707
612,East-India,0.0,0.0,44978.977,2330.5276
613,East-India,0.0,0.0,52866.23,3584.5974
614,East-India,0.057172472996401685,0.057172472996401685,91309.36,22885.705
615,East-India,0.4791796577358311,0.4791796577358311,85501.78,19428.658
616,East-India,0.0,0.0,46315.664,2380.6487
617,East-India,0.0,0.0,46257.74,2534.5325
618,East-India,0.0,0.0,49565.965,1791.7468
619,East-India,0.0,0.0,38247.375,3131.3887
620,East-India,0.0,0.0,47185.5,2485.4773
621,East-India,0.03786097874094235,0.03786097874094235,48311.21,3757.4368
622,East-India,0.0,0.0,44025.996,5346.79
623,East-India,0.0,0.0,45774.387,2382.6262
624,East-India,0.13838291069827796,0.13838291069827796,48459.48,1844.0132
625,East-India,0.0,0.0,41708.08,2611.602
626,East-India,0.0,0.0,49796.785,1897.2413
627,East-India,0.0,0.0,45838.6,2079.998
628,East-India,0.0,0.0,42196.984,2072.366
629,East-India,0.33108601379288916,0.33108601379288916,41618.99,2520.1821
630,East-India,0.0,0.0,66243.8,9343.794
631,East-India,0.0,0.0,45517.41,2405.2444
632,East-India,0.0,0.0,47700.562,1547.8021
633,East-India,0.0,0.0,50903.465,3790.8796
634,East-India,0.0,0.0,43628.277,4700.6597
635,East-India,0.0,0.0,39755.72,5412.858
636,East-India,0.5286704374522847,0.5286704374522847,41261.445,2579.5515
637,East-India,0.10381182429876586,0.10381182429876586,50265.44,3588.478
638,East-India,0.0,0.0,49383.1,1762.5887
639,East-India,0.0,0.0,48318.64,1911.955
640,East-India,0.36426753354900954,0.36426753354900954,51506.914,1811.8618
641,East-India,0.0,0.0,42063.785,3022.9255
642,East-India,0.0,0.0,41887.094,3022.7017
643,East-India,0.22688815213720687,0.22688815213720687,54660.14,3486.2585
644,East-India,0.0,0.0,57575.746,6265.0444
645,East-India,0.0,0.0,64518.875,2637.1394
646,East-India,0.0853116475458247,0.0853116475458247,81276.64,17222.871
647,East-India,0.16982111332648106,0.16982111332648106,47822.363,1894.4255
648,East-India,0.15535180311006727,0.15535180311006727,44672.453,1758.7634
649,East-India,0.0,0.0,29227.56,4988.4043
650,East-India,0.08327098654337599,0.08327098654337599,42315.04,3079.0164
651,East-India,0.0,0.0,56051.9,1866.3535
652,East-India,0.05990217317912006,0.05990217317912006,44920.434,6014.694
653,East-India,0.2289980561499802,0.2289980561499802,46037.633,2296.8064
654,East-India,0.0,0.0,47839.48,1907.6707
655,East-India,0.0,0.0,42499.52,3120.2842
656,East-India,0.019024899863642482,0.019024899863642482,40919.715,2828.7073
657,East-India,0.24884530028916804,0.24884530028916804,42402.375,2592.9043
658,East-India,0.0,0.0,42114.56,3049.3933
659,East-India,0.24336689069848141,0.24336689069848141,67779.44,8734.168
660,East-India,0.0,0.0,41586.043,3181.5657
661,East-India,0.0,0.0,51040.598,2452.7834
662,East-India,0.0,0.0,82276.12,17465.24
663,East-India,0.0,0.0,47959.734,1986.2017
664,East-India,0.0,0.0,64954.668,9697.137
665,East-India,0.0,0.0,52681.367,3116.6436
666,East-India,0.47653428451917335,0.47653428451917335,48656.316,3058.3381
667,East-India,0.008646011629566117,0.008646011629566117,56435.273,1556.9028
668,East-India,0.3149610452339184,0.3149610452339184,65379.188,7206.463
669,East-India,0.0,0.0,42250.523,4858.163
670,East-India,0.45021442542042484,0.45021442542042484,43720.875,2282.574
671,East-India,0.0,0.0,43618.3,2238.5732
672,East-India,0.0,0.0,56051.9,1866.3535
673,East-India,0.3571154278023712,0.3571154278023712,48780.723,2714.2656
674,East-India,0.08900468964584059,0.08900468964584059,48866.14,3076.0872
675,East-India,0.0,0.0,38849.258,4041.931
676,East-India,0.3230274138158316,0.3230274138158316,70703.66,10497.788
677,East-India,0.0,0.0,44575.574,2868.407
678,East-India,0.6892133400124202,0.6892133400124202,48264.03,2755.8455
679,East-India,0.13408107132962474,0.13408107132962474,59803.363,1831.8043
680,East-India,0.15098248995516358,0.15098248995516358,46632.406,3399.4229
681,East-India,0.01814309724379332,0.01814309724379332,41755.47,2858.453
682,East-India,0.13596674654452842,0.13596674654452842,56051.9,1866.3535
683,East-India,0.043324731805288244,0.043324731805288244,56449.547,1567.2128
684,East-India,0.0,0.0,42566.016,3043.9229
685,East-India,0.0,0.0,42223.86,2898.1602
686,East-India,0.0,0.0,43427.492,6550.357
687,East-India,0.04775759937331278,0.04775759937331278,56115.723,1400.02
688,East-India,0.6636691239987674,0.6636691239987674,27526.578,4862.034
689,East-India,0.03214772831469645,0.03214772831469645,45731.75,3324.7764
690,East-India,0.07129216359277611,0.07129216359277611,56044.023,1861.5165
691,East-India,0.0,0.0,50009.875,3230.8152
692,East-India,0.0,0.0,48311.21,3757.4368
693,East-India,0.5838403084631347,0.5838403084631347,43142.4,3090.7031
694,East-India,0.10947053999092071,0.10947053999092071,44372.74,3433.872
695,East-India,0.4842098390017525,0.4842098390017525,42250.277,2950.586
696,East-India,0.3231359152955005,0.3231359152955005,54501.94,1712.357
697,East-India,0.0,0.0,57392.836,5231.6113
698,East-India,0.6299090480614392,0.6299090480614392,82219.28,4075.3364
699,East-India,0.02106378553032267,0.02106378553032267,55086.66,2684.6384
700,East-India,0.08083000955815273,0.08083000955815273,42664.02,3067.8792
701,East-India,0.0,0.0,42257.277,3032.663
702,East-India,0.391271035221621,0.391271035221621,43849.39,2710.9426
703,East-India,0.0,0.0,56046.883,1863.2675
704,East-India,0.5622855786047972,0.5622855786047972,82571.59,6364.5903
705,East-India,0.0,0.0,45757.945,2569.7886
706,East-India,0.2608461068344466,0.2608461068344466,44567.62,2499.064
707,East-India,0.2754779419249662,0.2754779419249662,55291.676,1640.4115
708,East-India,0.0,0.0,43694.695,2655.8005
709,East-India,0.11412610123003486,0.11412610123003486,54501.94,1712.357
710,East-India,0.21127847254131552,0.21127847254131552,39177.297,3652.269
711,East-India,0.0,0.0,46390.543,2372.3237
712,East-India,0.0,0.0,45341.855,2679.9019
713,East-India,0.0,0.0,69448.02,4242.44
714,East-India,0.0,0.0,43556.87,2602.2756
715,East-India,0.0,0.0,44353.355,6309.018
716,East-India,0.4245005461327214,0.4245005461327214,47361.816,3163.779
717,East-India,0.0,0.0,45988.74,4280.1064
718,East-India,0.0,0.0,82280.47,17464.924
719,East-India,0.0,0.0,44639.676,2497.2468
720,East-India,0.20912290803425698,0.20912290803425698,49297.18,2734.0574
721,East-India,0.0,0.0,51863.3,4558.7876
722,East-India,0.0,0.0,56049.53,1864.958
723,East-India,0.0,0.0,49505.586,3703.1787
724,East-India,0.385112446522264,0.385112446522264,50522.07,1765.9019
725,East-India,0.07934646193666058,0.07934646193666058,44677.35,3415.3276
726,East-India,0.4219949911724877,0.4219949911724877,68155.31,10907.206
727,East-India,0.273020601847397,0.273020601847397,32527.514,3268.44
728,East-India,0.22735523536614013,0.22735523536614013,43304.137,3403.9631
729,East-India,0.0,0.0,50819.633,1901.1783
730,East-India,0.4486760710506339,0.4486760710506339,81400.195,16859.992
731,East-India,0.0,0.0,56885.637,2757.7158
732,East-India,0.0,0.0,47154.055,5928.9365
733,East-India,0.0,0.0,79602.39,14648.8545
734,East-India,0.13140631920136567,0.13140631920136567,39608.57,3289.0483
735,East-India,0.09089443543554981,0.09089443543554981,35194.96,2766.0042
736,East-India,0.6154433894335856,0.6154433894335856,41106.348,3626.6187
737,East-India,0.0,0.0,41039.996,2899.0845
738,East-India,0.12295177130543884,0.12295177130543884,50643.305,1826.7832
739,East-India,0.0012962767925979361,0.0012962767925979361,64175.51,8198.68
740,East-India,0.05661602577805056,0.05661602577805056,50027.66,1790.5985
741,East-India,0.0,0.0,50308.777,1950.3845
742,East-India,0.0,0.0,50059.848,1977.8204
743,East-India,0.18474996141545683,0.18474996141545683,40774.047,6449.631
744,East-India,0.41239796839493104,0.41239796839493104,44009.805,2781.184
745,East-India,0.0,0.0,47114.51,5699.1606
746,East-India,0.0,0.0,46229.49,2788.3
747,East-India,0.054560738106513774,0.054560738106513774,50293.76,6473.911
748,East-India,0.09051581393833877,0.09051581393833877,41470.65,2226.196
749,East-India,0.4160205507076507,0.4160205507076507,41123.793,5209.816
750,East-India,0.0,0.0,43384.1,2324.3218
751,East-India,0.0,0.0,74218.18,13059.854
752,East-India,0.0,0.0,42980.74,2963.105
753,East-India,0.39769507410290345,0.39769507410290345,48070.71,3970.5847
754,East-India,0.06208716066392229,0.06208716066392229,49263.582,4491.0737
755,East-India,0.0,0.0,58993.766,1259.141
756,East-India,0.0,0.0,128687.64,12526.416
757,East-India,0.06318254995198251,0.06318254995198251,47502.652,1782.7397
758,East-India,0.5773360761628488,0.5773360761628488,36737.695,4668.4385
759,East-India,0.0,0.0,43853.004,1902.9493
760,East-India,0.0,0.0,54426.72,1703.0144
761,East-India,0.0,0.0,56137.117,1457.8912
762,East-India,0.0,0.0,46116.14,3926.642
763,East-India,0.1474458296431988,0.1474458296431988,43155.58,5347.128
764,East-India,0.0,0.0,29654.902,4576.8413
765,East-India,0.0,0.0,60368.164,3740.2344
766,East-India,0.2181809504177403,0.2181809504177403,47041.61,2064.8818
767,East-India,0.07374295086895177,0.07374295086895177,47882.785,2157.3342
768,East-India,0.0,0.0,81890.22,2619.2368
769,East-India,0.3634044419713988,0.3634044419713988,56021.844,6133.373
770,East-India,0.42070374673175714,0.42070374673175714,55991.28,1873.5461
771,East-India,0.0657364250750057,0.0657364250750057,45439.836,6008.4785
772,East-India,0.0,0.0,50650.13,14512.384
773,East-India,0.08238199327536694,0.08238199327536694,55999.16,1878.3875
774,East-India,0.0,0.0,74218.18,13059.854
775,East-India,0.0,0.0,50134.1,4133.7544
776,Tamil Nadu,0.0,0.0,45694.523,3483.2659
777,Tamil Nadu,0.1576817896647578,0.1576817896647578,43585.516,2272.2654
778,Tamil Nadu,0.0,0.0,47504.445,3632.2935
779,Tamil Nadu,0.4759306662450006,0.4759306662450006,45298.566,5260.111
780,Tamil Nadu,0.0,0.0,43463.72,5484.563
781,Tamil Nadu,0.2852692303445587,0.2852692303445587,73958.805,13013.975
782,Tamil Nadu,0.0,0.0,43937.914,2472.1345
783,Tamil Nadu,0.061720582678066946,0.061720582678066946,46052.51,3235.5193
784,Tamil Nadu,0.0,0.0,45819.516,3527.9685
785,Tamil Nadu,0.0,0.0,45569.758,3419.488
786,Tamil Nadu,0.10795816217715883,0.10795816217715883,29111.25,5164.5347
787,Tamil Nadu,0.04084673974182679,0.04084673974182679,65616.25,1479.493
788,Tamil Nadu,0.0,0.0,76544.58,5817.692
789,Tamil Nadu,0.31847340974935545,0.31847340974935545,45934.98,2055.1821
790,Tamil Nadu,0.2508351934451663,0.2508351934451663,48049.805,1900.2207
791,Tamil Nadu,0.03997822007953338,0.03997822007953338,47893.945,1940.8644
792,Tamil Nadu,0.0,0.0,46576.18,2716.495
793,Tamil Nadu,0.0,0.0,33665.91,4068.0044
794,Tamil Nadu,0.0,0.0,45633.633,2005.9794
795,Tamil Nadu,0.0,0.0,45503.637,3512.5903
796,Tamil Nadu,0.0,0.0,47950.02,1852.444
797,Tamil Nadu,0.5187041761715667,0.5187041761715667,38162.33,2663.3828
798,Tamil Nadu,0.393401737289639,0.393401737289639,47820.184,1934.3033
799,Tamil Nadu,0.0,0.0,67108.3,2260.8125
800,Tamil Nadu,0.494115315752185,0.494115315752185,36923.207,2669.4585
801,Tamil Nadu,0.4509806083586783,0.4509806083586783,35201.074,3729.3604
802,Tamil Nadu,0.0,0.0,45632.293,3417.3042
803,Tamil Nadu,0.0,0.0,46070.938,3852.7935
804,Tamil Nadu,0.4941609578615367,0.4941609578615367,41058.043,3169.5403
805,Tamil Nadu,0.0,0.0,41052.87,4478.7866
806,Tamil Nadu,0.0,0.0,43593.594,1949.9408
807,Tamil Nadu,0.5297568935992965,0.5297568935992965,68148.69,3199.101
808,Tamil Nadu,0.6041162795204489,0.6041162795204489,49144.992,3727.2244
809,Tamil Nadu,0.0,0.0,49406.664,1904.6202
810,Tamil Nadu,0.5845422760692461,0.5845422760692461,47627.39,1969.4916
811,Tamil Nadu,0.0,0.0,48670.855,1641.5914
812,Tamil Nadu,0.11883529822373143,0.11883529822373143,43798.906,2427.7034
813,Tamil Nadu,0.0,0.0,62200.098,7804.875
814,Tamil Nadu,0.0,0.0,54396.016,7901.18
815,Tamil Nadu,0.0,0.0,45875.516,3594.993
816,Tamil Nadu,0.03454639554599647,0.03454639554599647,49060.79,1614.8253
817,Tamil Nadu,0.07739951137112461,0.07739951137112461,118215.875,12432.367
818,Tamil Nadu,0.5146704518645618,0.5146704518645618,47679.168,3849.5225
819,Tamil Nadu,0.019163258068546934,0.019163258068546934,78296.34,11502.135
820,Tamil Nadu,0.0,0.0,72640.68,6873.829
821,Tamil Nadu,0.11577420089409497,0.11577420089409497,66595.35,6285.1934
822,Tamil Nadu,0.0,0.0,48701.703,4294.1855
823,Tamil Nadu,0.0,0.0,43656.33,3792.2773
824,Tamil Nadu,0.0,0.0,44667.836,3414.4924
825,Tamil Nadu,0.21904778814907194,0.21904778814907194,47307.47,3958.7825
826,Tamil Nadu,0.0,0.0,48220.047,2042.3746
827,Tamil Nadu,0.0,0.0,65092.082,1710.7126
828,Tamil Nadu,0.5190784908293188,0.5190784908293188,37093.7,3159.9246
829,Tamil Nadu,0.0,0.0,57684.793,1283.1006
830,Tamil Nadu,0.0,0.0,44292.26,2534.906
831,Tamil Nadu,0.0,0.0,82462.01,13497.419
832,Tamil Nadu,0.07617296402895041,0.07617296402895041,44803.414,2594.9604
833,Tamil Nadu,0.2596011519791342,0.2596011519791342,42558.375,2407.2961
834,Tamil Nadu,0.5089355412803144,0.5089355412803144,38162.0,3083.617
835,Tamil Nadu,0.0,0.0,42908.207,2495.8862
836,Tamil Nadu,0.09527090470661839,0.09527090470661839,43563.535,2635.645
837,Tamil Nadu,0.6422680336699959,0.6422680336699959,32258.707,4492.809
838,Tamil Nadu,0.27766984346752044,0.27766984346752044,44700.227,2487.961
839,Tamil Nadu,0.5014497631837489,0.5014497631837489,57828.184,1290.8533
840,Tamil Nadu,0.38901694797097647,0.38901694797097647,83952.14,16710.734
841,Tamil Nadu,0.0,0.0,26815.863,4205.269
842,Tamil Nadu,0.049250793383146106,0.049250793383146106,96416.9,11499.014
843,Tamil Nadu,0.0,0.0,59501.16,1197.7507
844,Tamil Nadu,0.04841692331207123,0.04841692331207123,35195.27,4480.8726
845,Tamil Nadu,0.0,0.0,44570.98,2409.2075
846,Tamil Nadu,0.2890808123437565,0.2890808123437565,45096.832,2697.8936
847,Tamil Nadu,0.0,0.0,52696.45,4476.551
848,Tamil Nadu,0.11922737518017117,0.11922737518017117,47554.953,3753.2756
849,Tamil Nadu,0.0,0.0,48009.207,1970.3307
850,Tamil Nadu,0.3112654671065546,0.3112654671065546,44949.324,3001.7056
851,Tamil Nadu,0.15553515726820016,0.15553515726820016,40284.54,2050.0203
852,Tamil Nadu,0.0,0.0,42240.016,2645.812
853,Tamil Nadu,0.0,0.0,56215.37,1395.1573
854,Tamil Nadu,0.0,0.0,46985.812,3080.0771
855,Tamil Nadu,0.05058204131571958,0.05058204131571958,43094.36,2396.918
856,Tamil Nadu,0.527747576748885,0.527747576748885,46171.69,1465.6241
857,Tamil Nadu,0.3024115736093315,0.3024115736093315,45033.62,2664.7314
858,Tamil Nadu,0.057451721615536265,0.057451721615536265,42476.668,2346.083
859,Tamil Nadu,0.09840928994611615,0.09840928994611615,52989.773,7494.1406
860,Tamil Nadu,0.0,0.0,48090.562,2023.2942
861,Tamil Nadu,0.0,0.0,42025.656,2766.8809
862,Tamil Nadu,0.0,0.0,48550.08,3303.781
863,Tamil Nadu,0.1834370129876059,0.1834370129876059,53240.734,7507.9487
864,Tamil Nadu,0.0,0.0,41991.305,2551.9548
865,Tamil Nadu,0.0,0.0,47420.758,1693.4607
866,Tamil Nadu,0.6771036694547434,0.6771036694547434,44961.074,2650.7744
867,Tamil Nadu,0.5840743227180836,0.5840743227180836,39513.56,5619.16
868,Tamil Nadu,0.3642694094682857,0.3642694094682857,50577.62,3491.6062
869,Tamil Nadu,0.6028338443059303,0.6028338443059303,38432.76,2879.8333
870,Tamil Nadu,0.0,0.0,76402.516,12151.433
871,Tamil Nadu,0.0,0.0,47624.535,1969.2078
872,Tamil Nadu,0.0,0.0,47481.7,3291.3083
873,Tamil Nadu,0.009331893796944381,0.009331893796944381,30610.217,3994.1077
874,Tamil Nadu,0.04051612439136818,0.04051612439136818,36979.47,3057.4185
875,Tamil Nadu,0.0,0.0,44810.3,2561.418
876,Tamil Nadu,0.19961625615190412,0.19961625615190412,98871.19,26387.434
877,Tamil Nadu,0.33471143295133077,0.33471143295133077,44268.918,4826.711
878,Tamil Nadu,0.10534767579686892,0.10534767579686892,83995.26,16696.812
879,Tamil Nadu,0.0,0.0,28870.406,2632.173
880,Tamil Nadu,0.23124099740031978,0.23124099740031978,48039.195,1990.7306
881,Tamil Nadu,0.0,0.0,28164.842,2691.7747
882,Tamil Nadu,0.0,0.0,48472.406,1128.0879
883,Tamil Nadu,0.0,0.0,36849.27,3181.376
884,Tamil Nadu,0.5703769266523705,0.5703769266523705,47926.41,1963.3647
885,Tamil Nadu,0.0,0.0,58045.414,4415.2344
886,Tamil Nadu,0.05639569885766689,0.05639569885766689,47739.91,1904.8766
887,Tamil Nadu,0.02945623241776304,0.02945623241776304,44589.26,2519.6904
888,Tamil Nadu,0.11946872677421223,0.11946872677421223,47100.867,3104.7126
889,Tamil Nadu,0.49867326169355075,0.49867326169355075,34955.85,3803.217
890,Tamil Nadu,0.0,0.0,46725.035,2974.6667
891,Tamil Nadu,0.0,0.0,48777.37,3811.0012
892,Tamil Nadu,0.0,0.0,43441.906,4950.5176
893,Tamil Nadu,0.0,0.0,45941.12,2483.9023
894,Tamil Nadu,0.0,0.0,57469.184,2409.5447
895,Tamil Nadu,0.12278936657623528,0.12278936657623528,58342.504,1122.6272
896,Tamil Nadu,0.5615505401294365,0.5615505401294365,57469.184,2409.5447
897,Tamil Nadu,0.0,0.0,42090.23,2313.9653
898,Tamil Nadu,0.567241356079422,0.567241356079422,43461.773,5848.5166
899,Tamil Nadu,0.17754147153762712,0.17754147153762712,42951.64,4074.9243
900,Tamil Nadu,0.013441390803697748,0.013441390803697748,46536.637,2868.2686
901,Tamil Nadu,0.0,0.0,46831.516,1860.7426
902,Tamil Nadu,0.0,0.0,45632.688,3971.0059
903,Tamil Nadu,0.0,0.0,59484.16,1499.2224
904,Tamil Nadu,0.0,0.0,44663.926,3004.2144
905,Tamil Nadu,0.0,0.0,59383.707,2758.0994
906,Tamil Nadu,0.0,0.0,61146.785,3087.785
907,Tamil Nadu,0.5933220653569016,0.5933220653569016,47298.543,2984.4019
908,Tamil Nadu,0.4543907714172415,0.4543907714172415,35377.715,4138.5947
909,Tamil Nadu,0.4873498074984143,0.4873498074984143,98656.4,21527.068
910,Tamil Nadu,0.014084183186107746,0.014084183186107746,44428.855,2391.763
911,Tamil Nadu,0.3278655965054815,0.3278655965054815,59751.34,4272.925
912,Tamil Nadu,0.0,0.0,46048.79,2293.3184
913,Tamil Nadu,0.17844489935412966,0.17844489935412966,55311.875,4333.977
914,Tamil Nadu,0.05552252323818688,0.05552252323818688,49351.23,3538.4263
915,Tamil Nadu,0.3272726968472807,0.3272726968472807,44942.867,3035.0254
916,Tamil Nadu,0.009450002866324555,0.009450002866324555,41322.16,2803.5393
917,Tamil Nadu,0.20477889241947753,0.20477889241947753,46342.637,2155.8853
918,Tamil Nadu,0.0,0.0,40962.76,4655.7876
919,Tamil Nadu,0.0,0.0,43663.605,4234.4463
920,Tamil Nadu,0.0,0.0,44734.844,2962.7969
921,Tamil Nadu,0.0,0.0,81456.8,12783.529
922,Tamil Nadu,0.0,0.0,47403.168,1623.9865
923,Tamil Nadu,0.0,0.0,39022.6,1804.8911
924,Tamil Nadu,0.0,0.0,44310.957,2354.1824
925,Tamil Nadu,0.0,0.0,49638.92,4638.7817
926,Tamil Nadu,0.0,0.0,44946.043,2583.831
927,Tamil Nadu,0.06097671307178681,0.06097671307178681,42283.844,2087.5173
928,Tamil Nadu,0.25052712507033775,0.25052712507033775,45253.418,2872.117
929,Tamil Nadu,0.0,0.0,46384.707,2180.6565
930,Tamil Nadu,0.0,0.0,49379.707,3141.4065
931,Tamil Nadu,0.0,0.0,36217.953,3176.9446
932,Tamil Nadu,0.3156293690231924,0.3156293690231924,51494.03,3535.377
933,Tamil Nadu,0.0,0.0,46498.85,2204.9707
934,Tamil Nadu,0.5184557490681825,0.5184557490681825,44756.97,2514.6086
935,Tamil Nadu,0.0,0.0,40900.477,4999.692
936,Tamil Nadu,0.14004773937988332,0.14004773937988332,65437.746,12000.605
937,Tamil Nadu,0.2567289864756081,0.2567289864756081,48115.12,2840.5825
938,Tamil Nadu,0.34069824482737404,0.34069824482737404,58445.69,1271.0212
939,Tamil Nadu,0.0,0.0,60812.387,10962.3
940,Tamil Nadu,0.03176678763139623,0.03176678763139623,46518.168,2194.71
941,Tamil Nadu,0.0,0.0,40991.805,2567.415
942,Tamil Nadu,0.0,0.0,44589.016,2412.837
943,Tamil Nadu,0.0,0.0,47219.445,2808.1497
944,Tamil Nadu,0.0,0.0,68021.26,9640.095
945,Tamil Nadu,0.0,0.0,41484.39,2947.1003
946,Pan-India,0.0,0.0,35164.367,4320.2866
947,Pan-India,0.2447109971441767,0.2447109971441767,50666.547,4810.345
948,Pan-India,0.20574964721966477,0.20574964721966477,59275.86,8719.631
949,Pan-India,0.18124223984243681,0.18124223984243681,59988.445,17311.79
950,Pan-India,0.0,0.0,46117.297,2087.2847
951,Pan-India,0.0,0.0,43791.934,2618.1045
952,Pan-India,0.09561100825995346,0.09561100825995346,46546.254,2088.6082
953,Pan-India,0.06659359159677618,0.06659359159677618,40200.78,5720.299
954,Pan-India,0.17846085729198619,0.17846085729198619,48181.82,3948.6206
955,Pan-India,0.0,0.0,39633.953,2621.6013
956,Pan-India,0.0,0.0,37726.08,4467.567
957,Pan-India,0.45272787423997385,0.45272787423997385,64584.023,10252.89
958,Pan-India,0.0,0.0,32744.861,2780.1863
959,Pan-India,0.06879579443828178,0.06879579443828178,75485.336,17149.443
960,Pan-India,0.0,0.0,44867.37,2589.454
961,Pan-India,0.0,0.0,46125.457,2097.4756
962,Pan-India,0.0,0.0,43963.41,2129.699
963,Pan-India,0.0,0.0,69677.48,12024.137
964,Pan-India,0.0,0.0,67030.47,3965.12
965,Pan-India,0.0,0.0,56572.77,4207.319
966,Pan-India,0.09739897270642311,0.09739897270642311,56882.477,14865.141
967,Pan-India,0.335266127953091,0.335266127953091,44530.96,2833.619
968,Pan-India,0.6537410367348627,0.6537410367348627,74862.47,16740.828
969,Pan-India,0.09914851062809774,0.09914851062809774,38811.453,2454.79
970,Pan-India,0.0,0.0,38565.83,2641.32
971,Pan-India,0.0,0.0,45694.434,2835.8164
972,Pan-India,0.0,0.0,26856.303,4769.486
973,Pan-India,0.2297253325053102,0.2297253325053102,47287.15,3190.8828
974,Pan-India,0.0,0.0,81392.71,2610.4158
975,Pan-India,0.0,0.0,44992.43,2640.1458
976,Pan-India,0.6945766616428337,0.6945766616428337,46500.867,2119.7576
977,Pan-India,0.26340929234357047,0.26340929234357047,40623.24,2777.2966
978,Pan-India,0.2631804274617042,0.2631804274617042,46719.65,2242.5264
979,Pan-India,0.2304609650286529,0.2304609650286529,40885.273,2758.643
980,Pan-India,0.3544686976763954,0.3544686976763954,46545.863,2147.4263
981,Pan-India,0.003961236549459882,0.003961236549459882,48067.535,2193.2058
982,Pan-India,0.0,0.0,49176.363,5721.1826
983,Pan-India,0.17749480779453736,0.17749480779453736,61878.875,5481.9385
984,Pan-India,0.0,0.0,47618.68,4197.432
985,Pan-India,0.0,0.0,51540.594,4825.8354
986,Pan-India,0.0076353540686031176,0.0076353540686031176,40705.23,2408.2712
987,Pan-India,0.5339551510148448,0.5339551510148448,60537.547,9182.122
988,Pan-India,0.0,0.0,38354.918,3507.8792
989,Pan-India,0.0143578999214156,0.0143578999214156,40461.77,2666.6174
990,Pan-India,0.135426875546255,0.135426875546255,44633.227,4862.0796
991,Pan-India,0.017629816946611566,0.017629816946611566,64777.34,15869.195
992,Pan-India,0.0654051407066042,0.0654051407066042,43598.215,2215.3474
993,Pan-India,0.0,0.0,44147.57,2703.856
994,Pan-India,0.0,0.0,38771.01,4470.6455
995,Pan-India,0.44729059946494876,0.44729059946494876,49268.996,2165.1064
996,Pan-India,0.0,0.0,43709.574,2555.634
997,Pan-India,0.2321888806583522,0.2321888806583522,44743.582,2516.6672
998,Pan-India,0.06155733008901114,0.06155733008901114,40603.945,2507.6003
999,Pan-India,0.0,0.0,54524.383,4215.3105
1000,Pan-India,0.39197123509540477,0.39197123509540477,49453.652,3328.1755
1001,Pan-India,0.0,0.0,40088.242,3997.5867
1002,Pan-India,0.2722218935987922,0.2722218935987922,70697.86,18538.85
1003,Pan-India,0.0,0.0,45227.37,2694.4453
1004,Pan-India,0.15750830960812853,0.15750830960812853,40977.477,2440.3357
1005,Pan-India,0.0,0.0,48023.867,2040.4683
1006,Pan-India,0.0,0.0,47237.723,3169.6404
1007,Pan-India,0.0,0.0,48569.59,2305.0845
1008,Pan-India,0.11953089132778613,0.11953089132778613,38441.05,3502.7893
1009,Pan-India,0.0,0.0,36811.11,3149.3818
1010,Pan-India,0.08788459913529463,0.08788459913529463,49088.664,4062.223
1011,Pan-India,0.11196656021850605,0.11196656021850605,49763.0,4190.45
1012,Pan-India,0.0,0.0,45182.92,2743.8809
1013,Pan-India,0.08177840774945984,0.08177840774945984,39559.715,2350.5774
1014,Pan-India,0.4488649423228703,0.4488649423228703,79838.43,12006.392
1015,Pan-India,0.0,0.0,44846.08,2610.9602
1016,Pan-India,0.0,0.0,40595.383,2609.6426
1017,Pan-India,0.14467996807918637,0.14467996807918637,51035.402,2992.5198
1018,Pan-India,0.0,0.0,85070.06,10205.738
1019,Pan-India,0.68997903071668,0.68997903071668,50785.457,3552.7847
1020,Pan-India,0.0,0.0,63723.836,5153.3394
1021,Pan-India,0.0,0.0,84002.24,14390.042
1022,Pan-India,0.0,0.0,60142.336,8687.907
1023,Pan-India,0.5830615544005181,0.5830615544005181,44680.44,2978.9968
1024,Pan-India,0.03590366372653442,0.03590366372653442,44674.51,3738.5715
1025,Pan-India,0.0,0.0,68071.266,11175.445
1026,Pan-India,0.6926962946458878,0.6926962946458878,51343.83,4486.9336
1027,Pan-India,0.03933634457045098,0.03933634457045098,86721.914,4993.9272
1028,Pan-India,0.13005037431121164,0.13005037431121164,31707.564,2513.399
1029,Pan-India,0.4863054235859332,0.4863054235859332,51308.74,11691.4795
1030,Pan-India,0.0,0.0,27329.508,2178.3828
1031,Pan-India,0.406966705353727,0.406966705353727,56969.88,15069.8545
1032,Pan-India,0.0,0.0,62906.242,6358.342
1033,Pan-India,0.0,0.0,92079.13,5572.593
1034,Pan-India,0.0,0.0,44389.508,6683.0244
1035,Pan-India,0.0,0.0,33363.723,3476.696
1036,Pan-India,0.49828644045081527,0.49828644045081527,44537.418,2430.4207
1037,Pan-India,0.0,0.0,49702.07,3338.3713
1038,Pan-India,0.11731917723494137,0.11731917723494137,45358.684,2843.3171
1039,Pan-India,0.6160825173598612,0.6160825173598612,64571.89,6373.416
1040,Pan-India,0.0,0.0,47895.586,3438.5579
1041,Pan-India,0.0,0.0,41556.527,2313.1118
1042,Pan-India,0.08653748943195168,0.08653748943195168,40912.367,2504.2224
1043,Pan-India,0.12095737154320459,0.12095737154320459,62733.74,5604.646
1044,Pan-India,0.0,0.0,47173.824,2697.5603
1045,Pan-India,0.0,0.0,57752.996,7313.437
1046,Pan-India,0.036844320240137486,0.036844320240137486,56674.773,6817.369
1047,Pan-India,0.19654229468050052,0.19654229468050052,41268.684,2743.8193
1048,Pan-India,0.5458073667848617,0.5458073667848617,42956.418,2331.9177
1049,Pan-India,0.0,0.0,39157.598,4629.9736
1050,Pan-India,0.0,0.0,44670.492,2665.5972
1051,Pan-India,0.10423686531828856,0.10423686531828856,47785.156,1853.0137
1052,Pan-India,0.0,0.0,42774.453,2383.924
1053,Pan-India,0.0,0.0,65359.367,6728.7603
1054,Pan-India,0.0,0.0,42680.902,2629.523
1055,Pan-India,0.0,0.0,53398.938,3091.6035
1056,Pan-India,0.11668754754207297,0.11668754754207297,41782.562,2299.596
1057,Pan-India,0.0,0.0,48804.598,4114.503
1058,Pan-India,0.0,0.0,47796.953,1994.8712
1059,Pan-India,0.0,0.0,59691.246,3548.5671
1060,Pan-India,0.0,0.0,42309.312,2494.2832
1061,Pan-India,0.0,0.0,57294.246,4282.686
1062,Pan-India,0.0,0.0,42264.805,2043.1426
1063,Pan-India,0.0,0.0,32468.074,2905.178
1064,Pan-India,0.0,0.0,62733.74,5604.646
1065,Pan-India,0.0,0.0,37848.22,4016.9844
1066,Pan-India,0.0,0.0,77669.0,3887.461
1067,Pan-India,0.28216322122420207,0.28216322122420207,43673.785,2222.0469
1068,Pan-India,0.11704403605551657,0.11704403605551657,41256.805,2628.6375
1069,Pan-India,0.056515140340585975,0.056515140340585975,45770.754,5304.4814
1070,Pan-India,0.0,0.0,46306.836,2888.9058
1071,Pan-India,0.0,0.0,41849.19,2341.5222
1072,Pan-India,0.0,0.0,42218.418,2395.894
1073,Pan-India,0.0,0.0,46033.105,2251.4253
1074,Pan-India,0.0,0.0,40995.21,2334.6094
1075,Pan-India,0.11735518313648549,0.11735518313648549,85063.18,3056.008
1076,Pan-India,0.24145514726793493,0.24145514726793493,27708.213,1587.5697
1077,Pan-India,0.3403496852534251,0.3403496852534251,40784.336,2650.9912
1078,Pan-India,0.03578490202085735,0.03578490202085735,42067.164,2333.6113
1079,Pan-India,0.0,0.0,51462.508,3813.278
1080,Pan-India,0.1872626141515704,0.1872626141515704,65817.59,8404.137
1081,Pan-India,0.0,0.0,44615.176,3108.6023
1082,Pan-India,0.0,0.0,47217.06,2879.8687
1083,Pan-India,0.49186361178894433,0.49186361178894433,42355.69,2200.857
1084,Pan-India,0.4296116140748603,0.4296116140748603,43861.64,1706.0708
1085,Pan-India,0.0,0.0,50650.54,3532.2102
1086,Pan-India,0.1856569217362135,0.1856569217362135,39793.406,2506.6423
1087,Pan-India,0.21204956673029213,0.21204956673029213,46053.945,2915.171
1088,Pan-India,0.10855244515647741,0.10855244515647741,39894.793,3424.2483
1089,Pan-India,0.04402190973730087,0.04402190973730087,72644.055,4510.1777
1090,Pan-India,0.0,0.0,41811.91,4470.8877
1091,Pan-India,0.0,0.0,57849.15,3115.658
1092,Pan-India,0.10026362595192505,0.10026362595192505,91482.54,8117.69
1093,Pan-India,0.14900644364126428,0.14900644364126428,59504.56,3920.4148
1094,Pan-India,0.3663351403266815,0.3663351403266815,41472.97,2781.3765
1095,Pan-India,0.0,0.0,38596.45,3174.962
1096,Pan-India,0.0,0.0,41944.812,2334.5588
1097,Pan-India,0.6735181582004057,0.6735181582004057,80410.04,6854.115
1098,Pan-India,0.0460246961342264,0.0460246961342264,53112.652,11610.438
1099,Pan-India,0.0,0.0,55349.805,4545.661
1100,Pan-India,0.0,0.0,37807.957,3327.6353
1101,Pan-India,0.0,0.0,66877.61,2567.8452
1102,Pan-India,0.08490895304350182,0.08490895304350182,43054.316,2228.7478
1103,Pan-India,0.0,0.0,40835.066,2550.7786
1104,Pan-India,0.0672031954519225,0.0672031954519225,41930.555,4386.89
1105,Pan-India,0.0,0.0,38393.074,3247.0667
1106,Pan-India,0.49509154535043076,0.49509154535043076,39697.03,2797.9138
1107,Pan-India,0.4829307979168985,0.4829307979168985,41438.27,2403.5742
1108,Pan-India,0.6605082777528022,0.6605082777528022,39113.176,4702.43
1109,Pan-India,0.0,0.0,39401.45,2661.1313
1110,Pan-India,0.47411302101385466,0.47411302101385466,58434.23,17736.79
1111,Pan-India,0.0,0.0,37440.188,3275.7148
1112,Pan-India,0.0,0.0,66967.16,6821.7383
1113,Pan-India,0.49867695971774245,0.49867695971774245,48924.746,3466.1978
1114,Pan-India,0.17985329667950814,0.17985329667950814,166964.62,11337.887
1115,Pan-India,0.0,0.0,43925.15,2532.4832
